Menu	<svg xmlns="http://www.w3.org/2000/svg" width="20" height="20" viewBox="0 0 24 24" fill="none" stroke="currentColor" stroke-width="2" stroke-linecap="round" stroke-linejoin="round" class="lucide lucide-menu" aria-hidden="true"><path d="M4 5h16"></path><path d="M4 12h16"></path><path d="M4 19h16"></path></svg>
ChevronsUpDown	<svg xmlns="http://www.w3.org/2000/svg" width="20" height="20" viewBox="0 0 24 24" fill="none" stroke="currentColor" stroke-width="2" stroke-linecap="round" stroke-linejoin="round" class="lucide lucide-chevrons-up-down" aria-hidden="true"><path d="m7 15 5 5 5-5"></path><path d="m7 9 5-5 5 5"></path></svg>
Search	<svg xmlns="http://www.w3.org/2000/svg" width="20" height="20" viewBox="0 0 24 24" fill="none" stroke="currentColor" stroke-width="2" stroke-linecap="round" stroke-linejoin="round" class="lucide lucide-search" aria-hidden="true"><path d="m21 21-4.34-4.34"></path><circle cx="11" cy="11" r="8"></circle></svg>
Bell	<svg xmlns="http://www.w3.org/2000/svg" width="20" height="20" viewBox="0 0 24 24" fill="none" stroke="currentColor" stroke-width="2" stroke-linecap="round" stroke-linejoin="round" class="lucide lucide-bell" aria-hidden="true"><path d="M10.268 21a2 2 0 0 0 3.464 0"></path><path d="M3.262 15.326A1 1 0 0 0 4 17h16a1 1 0 0 0 .74-1.673C19.41 13.956 18 12.499 18 8A6 6 0 0 0 6 8c0 4.499-1.411 5.956-2.738 7.326"></path></svg>
Plus	<svg xmlns="http://www.w3.org/2000/svg" width="20" height="20" viewBox="0 0 24 24" fill="none" stroke="currentColor" stroke-width="2" stroke-linecap="round" stroke-linejoin="round" class="lucide lucide-plus" aria-hidden="true"><path d="M5 12h14"></path><path d="M12 5v14"></path></svg>
LayoutGrid	<svg xmlns="http://www.w3.org/2000/svg" width="20" height="20" viewBox="0 0 24 24" fill="none" stroke="currentColor" stroke-width="2" stroke-linecap="round" stroke-linejoin="round" class="lucide lucide-layout-grid" aria-hidden="true"><rect width="7" height="7" x="3" y="3" rx="1"></rect><rect width="7" height="7" x="14" y="3" rx="1"></rect><rect width="7" height="7" x="14" y="14" rx="1"></rect><rect width="7" height="7" x="3" y="14" rx="1"></rect></svg>
Calendar	<svg xmlns="http://www.w3.org/2000/svg" width="20" height="20" viewBox="0 0 24 24" fill="none" stroke="currentColor" stroke-width="2" stroke-linecap="round" stroke-linejoin="round" class="lucide lucide-calendar" aria-hidden="true"><path d="M8 2v4"></path><path d="M16 2v4"></path><rect width="18" height="18" x="3" y="4" rx="2"></rect><path d="M3 10h18"></path></svg>
Scissors	<svg xmlns="http://www.w3.org/2000/svg" width="20" height="20" viewBox="0 0 24 24" fill="none" stroke="currentColor" stroke-width="2" stroke-linecap="round" stroke-linejoin="round" class="lucide lucide-scissors" aria-hidden="true"><circle cx="6" cy="6" r="3"></circle><path d="M8.12 8.12 12 12"></path><path d="M20 4 8.12 15.88"></path><circle cx="6" cy="18" r="3"></circle><path d="M14.8 14.8 20 20"></path></svg>
Layers	<svg xmlns="http://www.w3.org/2000/svg" width="20" height="20" viewBox="0 0 24 24" fill="none" stroke="currentColor" stroke-width="2" stroke-linecap="round" stroke-linejoin="round" class="lucide lucide-layers" aria-hidden="true"><path d="M12.83 2.18a2 2 0 0 0-1.66 0L2.6 6.08a1 1 0 0 0 0 1.83l8.58 3.91a2 2 0 0 0 1.66 0l8.58-3.9a1 1 0 0 0 0-1.83z"></path><path d="M2 12a1 1 0 0 0 .58.91l8.6 3.91a2 2 0 0 0 1.65 0l8.58-3.9A1 1 0 0 0 22 12"></path><path d="M2 17a1 1 0 0 0 .58.91l8.6 3.91a2 2 0 0 0 1.65 0l8.58-3.9A1 1 0 0 0 22 17"></path></svg>
Users	<svg xmlns="http://www.w3.org/2000/svg" width="20" height="20" viewBox="0 0 24 24" fill="none" stroke="currentColor" stroke-width="2" stroke-linecap="round" stroke-linejoin="round" class="lucide lucide-users" aria-hidden="true"><path d="M16 21v-2a4 4 0 0 0-4-4H6a4 4 0 0 0-4 4v2"></path><path d="M16 3.128a4 4 0 0 1 0 7.744"></path><path d="M22 21v-2a4 4 0 0 0-3-3.87"></path><circle cx="9" cy="7" r="4"></circle></svg>
Settings	<svg xmlns="http://www.w3.org/2000/svg" width="20" height="20" viewBox="0 0 24 24" fill="none" stroke="currentColor" stroke-width="2" stroke-linecap="round" stroke-linejoin="round" class="lucide lucide-settings" aria-hidden="true"><path d="M9.671 4.136a2.34 2.34 0 0 1 4.659 0 2.34 2.34 0 0 0 3.319 1.915 2.34 2.34 0 0 1 2.33 4.033 2.34 2.34 0 0 0 0 3.831 2.34 2.34 0 0 1-2.33 4.033 2.34 2.34 0 0 0-3.319 1.915 2.34 2.34 0 0 1-4.659 0 2.34 2.34 0 0 0-3.32-1.915 2.34 2.34 0 0 1-2.33-4.033 2.34 2.34 0 0 0 0-3.831A2.34 2.34 0 0 1 6.35 6.051a2.34 2.34 0 0 0 3.319-1.915"></path><circle cx="12" cy="12" r="3"></circle></svg>
ChevronRight	<svg xmlns="http://www.w3.org/2000/svg" width="20" height="20" viewBox="0 0 24 24" fill="none" stroke="currentColor" stroke-width="2" stroke-linecap="round" stroke-linejoin="round" class="lucide lucide-chevron-right" aria-hidden="true"><path d="m9 18 6-6-6-6"></path></svg>
ChevronDown	<svg xmlns="http://www.w3.org/2000/svg" width="20" height="20" viewBox="0 0 24 24" fill="none" stroke="currentColor" stroke-width="2" stroke-linecap="round" stroke-linejoin="round" class="lucide lucide-chevron-down" aria-hidden="true"><path d="m6 9 6 6 6-6"></path></svg>
Star	<svg xmlns="http://www.w3.org/2000/svg" width="20" height="20" viewBox="0 0 24 24" fill="none" stroke="currentColor" stroke-width="2" stroke-linecap="round" stroke-linejoin="round" class="lucide lucide-star" aria-hidden="true"><path d="M11.525 2.295a.53.53 0 0 1 .95 0l2.31 4.679a2.123 2.123 0 0 0 1.595 1.16l5.166.756a.53.53 0 0 1 .294.904l-3.736 3.638a2.123 2.123 0 0 0-.611 1.878l.882 5.14a.53.53 0 0 1-.771.56l-4.618-2.428a2.122 2.122 0 0 0-1.973 0L6.396 21.01a.53.53 0 0 1-.77-.56l.881-5.139a2.122 2.122 0 0 0-.611-1.879L2.16 9.795a.53.53 0 0 1 .294-.906l5.165-.755a2.122 2.122 0 0 0 1.597-1.16z"></path></svg>
TrendingUp	<svg xmlns="http://www.w3.org/2000/svg" width="20" height="20" viewBox="0 0 24 24" fill="none" stroke="currentColor" stroke-width="2" stroke-linecap="round" stroke-linejoin="round" class="lucide lucide-trending-up" aria-hidden="true"><path d="M16 7h6v6"></path><path d="m22 7-8.5 8.5-5-5L2 17"></path></svg>
Store	<svg xmlns="http://www.w3.org/2000/svg" width="20" height="20" viewBox="0 0 24 24" fill="none" stroke="currentColor" stroke-width="2" stroke-linecap="round" stroke-linejoin="round" class="lucide lucide-store" aria-hidden="true"><path d="M15 21v-5a1 1 0 0 0-1-1h-4a1 1 0 0 0-1 1v5"></path><path d="M17.774 10.31a1.12 1.12 0 0 0-1.549 0 2.5 2.5 0 0 1-3.451 0 1.12 1.12 0 0 0-1.548 0 2.5 2.5 0 0 1-3.452 0 1.12 1.12 0 0 0-1.549 0 2.5 2.5 0 0 1-3.77-3.248l2.889-4.184A2 2 0 0 1 7 2h10a2 2 0 0 1 1.653.873l2.895 4.192a2.5 2.5 0 0 1-3.774 3.244"></path><path d="M4 10.95V19a2 2 0 0 0 2 2h12a2 2 0 0 0 2-2v-8.05"></path></svg>
ShieldCheck	<svg xmlns="http://www.w3.org/2000/svg" width="20" height="20" viewBox="0 0 24 24" fill="none" stroke="currentColor" stroke-width="2" stroke-linecap="round" stroke-linejoin="round" class="lucide lucide-shield-check" aria-hidden="true"><path d="M20 13c0 5-3.5 7.5-7.66 8.95a1 1 0 0 1-.67-.01C7.5 20.5 4 18 4 13V6a1 1 0 0 1 1-1c2 0 4.5-1.2 6.24-2.72a1.17 1.17 0 0 1 1.52 0C14.51 3.81 17 5 19 5a1 1 0 0 1 1 1z"></path><path d="m9 12 2 2 4-4"></path></svg>
CalendarCheck	<svg xmlns="http://www.w3.org/2000/svg" width="20" height="20" viewBox="0 0 24 24" fill="none" stroke="currentColor" stroke-width="2" stroke-linecap="round" stroke-linejoin="round" class="lucide lucide-calendar-check" aria-hidden="true"><path d="M8 2v4"></path><path d="M16 2v4"></path><rect width="18" height="18" x="3" y="4" rx="2"></rect><path d="M3 10h18"></path><path d="m9 16 2 2 4-4"></path></svg>
CircleX	<svg xmlns="http://www.w3.org/2000/svg" width="20" height="20" viewBox="0 0 24 24" fill="none" stroke="currentColor" stroke-width="2" stroke-linecap="round" stroke-linejoin="round" class="lucide lucide-circle-x" aria-hidden="true"><circle cx="12" cy="12" r="10"></circle><path d="m15 9-6 6"></path><path d="m9 9 6 6"></path></svg>
Moon	<svg xmlns="http://www.w3.org/2000/svg" width="20" height="20" viewBox="0 0 24 24" fill="none" stroke="currentColor" stroke-width="2" stroke-linecap="round" stroke-linejoin="round" class="lucide lucide-moon" aria-hidden="true"><path d="M20.985 12.486a9 9 0 1 1-9.473-9.472c.405-.022.617.46.402.803a6 6 0 0 0 8.268 8.268c.344-.215.825-.004.803.401"></path></svg>
Tag	<svg xmlns="http://www.w3.org/2000/svg" width="20" height="20" viewBox="0 0 24 24" fill="none" stroke="currentColor" stroke-width="2" stroke-linecap="round" stroke-linejoin="round" class="lucide lucide-tag" aria-hidden="true"><path d="M12.586 2.586A2 2 0 0 0 11.172 2H4a2 2 0 0 0-2 2v7.172a2 2 0 0 0 .586 1.414l8.704 8.704a2.426 2.426 0 0 0 3.42 0l6.58-6.58a2.426 2.426 0 0 0 0-3.42z"></path><circle cx="7.5" cy="7.5" r=".5" fill="currentColor"></circle></svg>
Plane	<svg xmlns="http://www.w3.org/2000/svg" width="20" height="20" viewBox="0 0 24 24" fill="none" stroke="currentColor" stroke-width="2" stroke-linecap="round" stroke-linejoin="round" class="lucide lucide-plane" aria-hidden="true"><path d="M17.8 19.2 16 11l3.5-3.5C21 6 21.5 4 21 3c-1-.5-3 0-4.5 1.5L13 8 4.8 6.2c-.5-.1-.9.1-1.1.5l-.3.5c-.2.5-.1 1 .3 1.3L9 12l-2 3H4l-1 1 3 2 2 3 1-1v-3l3-2 3.5 5.3c.3.4.8.5 1.3.3l.5-.2c.4-.3.6-.7.5-1.2z"></path></svg>
CalendarX	<svg xmlns="http://www.w3.org/2000/svg" width="20" height="20" viewBox="0 0 24 24" fill="none" stroke="currentColor" stroke-width="2" stroke-linecap="round" stroke-linejoin="round" class="lucide lucide-calendar-x" aria-hidden="true"><path d="M8 2v4"></path><path d="M16 2v4"></path><rect width="18" height="18" x="3" y="4" rx="2"></rect><path d="M3 10h18"></path><path d="m14 14-4 4"></path><path d="m10 14 4 4"></path></svg>
CreditCard	<svg xmlns="http://www.w3.org/2000/svg" width="20" height="20" viewBox="0 0 24 24" fill="none" stroke="currentColor" stroke-width="2" stroke-linecap="round" stroke-linejoin="round" class="lucide lucide-credit-card" aria-hidden="true"><rect width="20" height="14" x="2" y="5" rx="2"></rect><line x1="2" x2="22" y1="10" y2="10"></line></svg>
Percent	<svg xmlns="http://www.w3.org/2000/svg" width="20" height="20" viewBox="0 0 24 24" fill="none" stroke="currentColor" stroke-width="2" stroke-linecap="round" stroke-linejoin="round" class="lucide lucide-percent" aria-hidden="true"><line x1="19" x2="5" y1="5" y2="19"></line><circle cx="6.5" cy="6.5" r="2.5"></circle><circle cx="17.5" cy="17.5" r="2.5"></circle></svg>
Receipt	<svg xmlns="http://www.w3.org/2000/svg" width="20" height="20" viewBox="0 0 24 24" fill="none" stroke="currentColor" stroke-width="2" stroke-linecap="round" stroke-linejoin="round" class="lucide lucide-receipt" aria-hidden="true"><path d="M12 17V7"></path><path d="M16 8h-6a2 2 0 0 0 0 4h4a2 2 0 0 1 0 4H8"></path><path d="M4 3a1 1 0 0 1 1-1 1.3 1.3 0 0 1 .7.2l.933.6a1.3 1.3 0 0 0 1.4 0l.934-.6a1.3 1.3 0 0 1 1.4 0l.933.6a1.3 1.3 0 0 0 1.4 0l.933-.6a1.3 1.3 0 0 1 1.4 0l.934.6a1.3 1.3 0 0 0 1.4 0l.933-.6A1.3 1.3 0 0 1 19 2a1 1 0 0 1 1 1v18a1 1 0 0 1-1 1 1.3 1.3 0 0 1-.7-.2l-.933-.6a1.3 1.3 0 0 0-1.4 0l-.934.6a1.3 1.3 0 0 1-1.4 0l-.933-.6a1.3 1.3 0 0 0-1.4 0l-.933.6a1.3 1.3 0 0 1-1.4 0l-.934-.6a1.3 1.3 0 0 0-1.4 0l-.933.6a1.3 1.3 0 0 1-.7.2 1 1 0 0 1-1-1z"></path></svg>
MessageSquare	<svg xmlns="http://www.w3.org/2000/svg" width="20" height="20" viewBox="0 0 24 24" fill="none" stroke="currentColor" stroke-width="2" stroke-linecap="round" stroke-linejoin="round" class="lucide lucide-message-square" aria-hidden="true"><path d="M22 17a2 2 0 0 1-2 2H6.828a2 2 0 0 0-1.414.586l-2.202 2.202A.71.71 0 0 1 2 21.286V5a2 2 0 0 1 2-2h16a2 2 0 0 1 2 2z"></path></svg>
Smartphone	<svg xmlns="http://www.w3.org/2000/svg" width="20" height="20" viewBox="0 0 24 24" fill="none" stroke="currentColor" stroke-width="2" stroke-linecap="round" stroke-linejoin="round" class="lucide lucide-smartphone" aria-hidden="true"><rect width="14" height="20" x="5" y="2" rx="2" ry="2"></rect><path d="M12 18h.01"></path></svg>
Upload	<svg xmlns="http://www.w3.org/2000/svg" width="20" height="20" viewBox="0 0 24 24" fill="none" stroke="currentColor" stroke-width="2" stroke-linecap="round" stroke-linejoin="round" class="lucide lucide-upload" aria-hidden="true"><path d="M12 3v12"></path><path d="m17 8-5-5-5 5"></path><path d="M21 15v4a2 2 0 0 1-2 2H5a2 2 0 0 1-2-2v-4"></path></svg>
EllipsisVertical	<svg xmlns="http://www.w3.org/2000/svg" width="20" height="20" viewBox="0 0 24 24" fill="none" stroke="currentColor" stroke-width="2" stroke-linecap="round" stroke-linejoin="round" class="lucide lucide-ellipsis-vertical" aria-hidden="true"><circle cx="12" cy="12" r="1"></circle><circle cx="12" cy="5" r="1"></circle><circle cx="12" cy="19" r="1"></circle></svg>
GripVertical	<svg xmlns="http://www.w3.org/2000/svg" width="20" height="20" viewBox="0 0 24 24" fill="none" stroke="currentColor" stroke-width="2" stroke-linecap="round" stroke-linejoin="round" class="lucide lucide-grip-vertical" aria-hidden="true"><circle cx="9" cy="12" r="1"></circle><circle cx="9" cy="5" r="1"></circle><circle cx="9" cy="19" r="1"></circle><circle cx="15" cy="12" r="1"></circle><circle cx="15" cy="5" r="1"></circle><circle cx="15" cy="19" r="1"></circle></svg>
ArrowUpRight	<svg xmlns="http://www.w3.org/2000/svg" width="20" height="20" viewBox="0 0 24 24" fill="none" stroke="currentColor" stroke-width="2" stroke-linecap="round" stroke-linejoin="round" class="lucide lucide-arrow-up-right" aria-hidden="true"><path d="M7 7h10v10"></path><path d="M7 17 17 7"></path></svg>
CircleAlert	<svg xmlns="http://www.w3.org/2000/svg" width="20" height="20" viewBox="0 0 24 24" fill="none" stroke="currentColor" stroke-width="2" stroke-linecap="round" stroke-linejoin="round" class="lucide lucide-circle-alert" aria-hidden="true"><circle cx="12" cy="12" r="10"></circle><line x1="12" x2="12" y1="8" y2="12"></line><line x1="12" x2="12.01" y1="16" y2="16"></line></svg>
Wallet	<svg xmlns="http://www.w3.org/2000/svg" width="20" height="20" viewBox="0 0 24 24" fill="none" stroke="currentColor" stroke-width="2" stroke-linecap="round" stroke-linejoin="round" class="lucide lucide-wallet" aria-hidden="true"><path d="M19 7V4a1 1 0 0 0-1-1H5a2 2 0 0 0 0 4h15a1 1 0 0 1 1 1v4h-3a2 2 0 0 0 0 4h3a1 1 0 0 0 1-1v-2a1 1 0 0 0-1-1"></path><path d="M3 5v14a2 2 0 0 0 2 2h15a1 1 0 0 0 1-1v-4"></path></svg>
X	<svg xmlns="http://www.w3.org/2000/svg" width="20" height="20" viewBox="0 0 24 24" fill="none" stroke="currentColor" stroke-width="2" stroke-linecap="round" stroke-linejoin="round" class="lucide lucide-x" aria-hidden="true"><path d="M18 6 6 18"></path><path d="m6 6 12 12"></path></svg>
ArrowRight	<svg xmlns="http://www.w3.org/2000/svg" width="20" height="20" viewBox="0 0 24 24" fill="none" stroke="currentColor" stroke-width="2" stroke-linecap="round" stroke-linejoin="round" class="lucide lucide-arrow-right" aria-hidden="true"><path d="M5 12h14"></path><path d="m12 5 7 7-7 7"></path></svg>
PanelLeft	<svg xmlns="http://www.w3.org/2000/svg" width="20" height="20" viewBox="0 0 24 24" fill="none" stroke="currentColor" stroke-width="2" stroke-linecap="round" stroke-linejoin="round" class="lucide lucide-panel-left" aria-hidden="true"><rect width="18" height="18" x="3" y="3" rx="2"></rect><path d="M9 3v18"></path></svg>
LogOut	<svg xmlns="http://www.w3.org/2000/svg" width="20" height="20" viewBox="0 0 24 24" fill="none" stroke="currentColor" stroke-width="2" stroke-linecap="round" stroke-linejoin="round" class="lucide lucide-log-out" aria-hidden="true"><path d="m16 17 5-5-5-5"></path><path d="M21 12H9"></path><path d="M9 21H5a2 2 0 0 1-2-2V5a2 2 0 0 1 2-2h4"></path></svg>
Check	<svg xmlns="http://www.w3.org/2000/svg" width="20" height="20" viewBox="0 0 24 24" fill="none" stroke="currentColor" stroke-width="2" stroke-linecap="round" stroke-linejoin="round" class="lucide lucide-check" aria-hidden="true"><path d="M20 6 9 17l-5-5"></path></svg>
CircleCheck	<svg xmlns="http://www.w3.org/2000/svg" width="20" height="20" viewBox="0 0 24 24" fill="none" stroke="currentColor" stroke-width="2" stroke-linecap="round" stroke-linejoin="round" class="lucide lucide-circle-check" aria-hidden="true"><circle cx="12" cy="12" r="10"></circle><path d="m9 12 2 2 4-4"></path></svg>
Clock	<svg xmlns="http://www.w3.org/2000/svg" width="20" height="20" viewBox="0 0 24 24" fill="none" stroke="currentColor" stroke-width="2" stroke-linecap="round" stroke-linejoin="round" class="lucide lucide-clock" aria-hidden="true"><circle cx="12" cy="12" r="10"></circle><path d="M12 6v6l4 2"></path></svg>
Footprints	<svg xmlns="http://www.w3.org/2000/svg" width="20" height="20" viewBox="0 0 24 24" fill="none" stroke="currentColor" stroke-width="2" stroke-linecap="round" stroke-linejoin="round" class="lucide lucide-footprints" aria-hidden="true"><path d="M4 16v-2.38C4 11.5 2.97 10.5 3 8c.03-2.72 1.49-6 4.5-6C9.37 2 10 3.8 10 5.5c0 3.11-2 5.66-2 8.68V16a2 2 0 1 1-4 0Z"></path><path d="M20 20v-2.38c0-2.12 1.03-3.12 1-5.62-.03-2.72-1.49-6-4.5-6C14.63 6 14 7.8 14 9.5c0 3.11 2 5.66 2 8.68V20a2 2 0 1 0 4 0Z"></path><path d="M16 17h4"></path><path d="M4 13h4"></path></svg>
