Calendar	<svg viewBox="0 0 24 24" fill="none" stroke="currentColor" stroke-width="2" stroke-linecap="round" stroke-linejoin="round" aria-hidden="true"><path d="M8 2v4"></path><path d="M16 2v4"></path><rect width="18" height="18" x="3" y="4" rx="2"></rect><path d="M3 10h18"></path></svg>
Wallet	<svg viewBox="0 0 24 24" fill="none" stroke="currentColor" stroke-width="2" stroke-linecap="round" stroke-linejoin="round" aria-hidden="true"><path d="M19 7V4a1 1 0 0 0-1-1H5a2 2 0 0 0 0 4h15a1 1 0 0 1 1 1v4h-3a2 2 0 0 0 0 4h3a1 1 0 0 0 1-1v-2a1 1 0 0 0-1-1"></path><path d="M3 5v14a2 2 0 0 0 2 2h15a1 1 0 0 0 1-1v-4"></path></svg>
TicketPercent	<svg viewBox="0 0 24 24" fill="none" stroke="currentColor" stroke-width="2" stroke-linecap="round" stroke-linejoin="round" aria-hidden="true"><path d="M2 9a3 3 0 1 1 0 6v2a2 2 0 0 0 2 2h16a2 2 0 0 0 2-2v-2a3 3 0 1 1 0-6V7a2 2 0 0 0-2-2H4a2 2 0 0 0-2 2Z"></path><path d="M9 9h.01"></path><path d="m15 9-6 6"></path><path d="M15 15h.01"></path></svg>
Heart	<svg viewBox="0 0 24 24" fill="none" stroke="currentColor" stroke-width="2" stroke-linecap="round" stroke-linejoin="round" aria-hidden="true"><path d="M2 9.5a5.5 5.5 0 0 1 9.591-3.676.56.56 0 0 0 .818 0A5.49 5.49 0 0 1 22 9.5c0 2.29-1.5 4-3 5.5l-5.492 5.313a2 2 0 0 1-3 .019L5 15c-1.5-1.5-3-3.2-3-5.5"></path></svg>
Stamp	<svg viewBox="0 0 24 24" fill="none" stroke="currentColor" stroke-width="2" stroke-linecap="round" stroke-linejoin="round" aria-hidden="true"><path d="M14 13V8.5C14 7 15 7 15 5a3 3 0 0 0-6 0c0 2 1 2 1 3.5V13"></path><path d="M20 15.5a2.5 2.5 0 0 0-2.5-2.5h-11A2.5 2.5 0 0 0 4 15.5V17a1 1 0 0 0 1 1h14a1 1 0 0 0 1-1z"></path><path d="M5 22h14"></path></svg>
Settings	<svg viewBox="0 0 24 24" fill="none" stroke="currentColor" stroke-width="2" stroke-linecap="round" stroke-linejoin="round" aria-hidden="true"><path d="M9.671 4.136a2.34 2.34 0 0 1 4.659 0 2.34 2.34 0 0 0 3.319 1.915 2.34 2.34 0 0 1 2.33 4.033 2.34 2.34 0 0 0 0 3.831 2.34 2.34 0 0 1-2.33 4.033 2.34 2.34 0 0 0-3.319 1.915 2.34 2.34 0 0 1-4.659 0 2.34 2.34 0 0 0-3.32-1.915 2.34 2.34 0 0 1-2.33-4.033 2.34 2.34 0 0 0 0-3.831A2.34 2.34 0 0 1 6.35 6.051a2.34 2.34 0 0 0 3.319-1.915"></path><circle cx="12" cy="12" r="3"></circle></svg>
LogOut	<svg viewBox="0 0 24 24" fill="none" stroke="currentColor" stroke-width="2" stroke-linecap="round" stroke-linejoin="round" aria-hidden="true"><path d="m16 17 5-5-5-5"></path><path d="M21 12H9"></path><path d="M9 21H5a2 2 0 0 1-2-2V5a2 2 0 0 1 2-2h4"></path></svg>
ChevronRight	<svg viewBox="0 0 24 24" fill="none" stroke="currentColor" stroke-width="2" stroke-linecap="round" stroke-linejoin="round" aria-hidden="true"><path d="m9 18 6-6-6-6"></path></svg>
Crown	<svg viewBox="0 0 24 24" fill="none" stroke="currentColor" stroke-width="2" stroke-linecap="round" stroke-linejoin="round" aria-hidden="true"><path d="M11.562 3.266a.5.5 0 0 1 .876 0L15.39 8.87a1 1 0 0 0 1.516.294L21.183 5.5a.5.5 0 0 1 .798.519l-2.834 10.246a1 1 0 0 1-.956.734H5.81a1 1 0 0 1-.957-.734L2.02 6.02a.5.5 0 0 1 .798-.519l4.276 3.664a1 1 0 0 0 1.516-.294z"></path><path d="M5 21h14"></path></svg>
Tag	<svg viewBox="0 0 24 24" fill="none" stroke="currentColor" stroke-width="2" stroke-linecap="round" stroke-linejoin="round" aria-hidden="true"><path d="M12.586 2.586A2 2 0 0 0 11.172 2H4a2 2 0 0 0-2 2v7.172a2 2 0 0 0 .586 1.414l8.704 8.704a2.426 2.426 0 0 0 3.42 0l6.58-6.58a2.426 2.426 0 0 0 0-3.42z"></path><circle cx="7.5" cy="7.5" r=".5" fill="currentColor"></circle></svg>
BadgePercent	<svg viewBox="0 0 24 24" fill="none" stroke="currentColor" stroke-width="2" stroke-linecap="round" stroke-linejoin="round" aria-hidden="true"><path d="M3.85 8.62a4 4 0 0 1 4.78-4.77 4 4 0 0 1 6.74 0 4 4 0 0 1 4.78 4.78 4 4 0 0 1 0 6.74 4 4 0 0 1-4.77 4.78 4 4 0 0 1-6.75 0 4 4 0 0 1-4.78-4.77 4 4 0 0 1 0-6.76Z"></path><path d="m15 9-6 6"></path><path d="M9 9h.01"></path><path d="M15 15h.01"></path></svg>
Gift	<svg viewBox="0 0 24 24" fill="none" stroke="currentColor" stroke-width="2" stroke-linecap="round" stroke-linejoin="round" aria-hidden="true"><path d="M12 7v14"></path><path d="M20 11v8a2 2 0 0 1-2 2H6a2 2 0 0 1-2-2v-8"></path><path d="M7.5 7a1 1 0 0 1 0-5A4.8 8 0 0 1 12 7a4.8 8 0 0 1 4.5-5 1 1 0 0 1 0 5"></path><rect x="3" y="7" width="18" height="4" rx="1"></rect></svg>
CalendarClock	<svg viewBox="0 0 24 24" fill="none" stroke="currentColor" stroke-width="2" stroke-linecap="round" stroke-linejoin="round" aria-hidden="true"><path d="M16 14v2.2l1.6 1"></path><path d="M16 2v4"></path><path d="M21 7.5V6a2 2 0 0 0-2-2H5a2 2 0 0 0-2 2v14a2 2 0 0 0 2 2h3.5"></path><path d="M3 10h5"></path><path d="M8 2v4"></path><circle cx="16" cy="16" r="6"></circle></svg>
Timer	<svg viewBox="0 0 24 24" fill="none" stroke="currentColor" stroke-width="2" stroke-linecap="round" stroke-linejoin="round" aria-hidden="true"><line x1="10" x2="14" y1="2" y2="2"></line><line x1="12" x2="15" y1="14" y2="11"></line><circle cx="12" cy="14" r="8"></circle></svg>
Lock	<svg viewBox="0 0 24 24" fill="none" stroke="currentColor" stroke-width="2" stroke-linecap="round" stroke-linejoin="round" aria-hidden="true"><rect width="18" height="11" x="3" y="11" rx="2" ry="2"></rect><path d="M7 11V7a5 5 0 0 1 10 0v4"></path></svg>
CircleCheck	<svg viewBox="0 0 24 24" fill="none" stroke="currentColor" stroke-width="2" stroke-linecap="round" stroke-linejoin="round" aria-hidden="true"><circle cx="12" cy="12" r="10"></circle><path d="m9 12 2 2 4-4"></path></svg>
Clock	<svg viewBox="0 0 24 24" fill="none" stroke="currentColor" stroke-width="2" stroke-linecap="round" stroke-linejoin="round" aria-hidden="true"><circle cx="12" cy="12" r="10"></circle><path d="M12 6v6l4 2"></path></svg>
Scissors	<svg viewBox="0 0 24 24" fill="none" stroke="currentColor" stroke-width="2" stroke-linecap="round" stroke-linejoin="round" aria-hidden="true"><circle cx="6" cy="6" r="3"></circle><path d="M8.12 8.12 12 12"></path><path d="M20 4 8.12 15.88"></path><circle cx="6" cy="18" r="3"></circle><path d="M14.8 14.8 20 20"></path></svg>
